request_id,amount_safe_to_pay,affordability_status,recommended_payment_method,payment_plan,earliest_date_for_full_payment,spending_changes_needed,decision_explanation
request_26,15656000.0,affordable_now,full_payment,2025-08-03:15656000,2025-08-03,none,"Pay IDR 15,656,000.00 today. This keeps the IDR 24,768,300.00 minimum available over the next 90 days."
request_27,6670.0,affordable_now,full_payment,2026-07-05:6670,2026-07-05,none,"Pay ZAR 6,670.00 today. This keeps the ZAR 20,500.00 minimum available over the next 90 days."
request_28,0.0,not_affordable,not_recommended,none,,none,"Do not make this payment by 2024-08-15. None of the available options keeps the EUR 1,100.00 minimum protected."
request_29,51524.0,affordable_now,full_payment,2025-11-04:51524,2025-11-04,none,"Pay ZAR 51,524.00 today. This keeps the ZAR 28,300.00 minimum available over the next 90 days."
request_30,775.2,affordable_with_plan,installments,2026-04-06:268.74|2026-05-06:268.74|2026-06-05:268.74,2026-04-06,none,"Use 3 installments of USD 268.74, starting 2026-04-06. This leaves at least USD 900.00 available."
request_31,3281295.81,affordable_later,wait,2024-11-15:18164000,2024-11-15,none,"Pay IDR 18,164,000.00 in full on 2024-11-15. Paying earlier would take the balance below the IDR 16,588,900.00 minimum."
request_32,15662.93,affordable_later,wait,2025-04-15:40018,2025-04-15,none,"Pay ZAR 40,018.00 in full on 2025-04-15. Paying earlier would take the balance below the ZAR 35,700.00 minimum."
request_33,52375.93,affordable_later,wait,2026-02-15:118000,2026-02-15,none,"Pay INR 118,000.00 in full on 2026-02-15. Paying earlier would take the balance below the INR 102,100.00 minimum."
request_34,129400.0,affordable_now,full_payment,2024-12-04:129400,2024-12-04,none,"Pay INR 129,400.00 today. This keeps the INR 138,500.00 minimum available over the next 90 days."
request_35,28961.6,affordable_later,wait,2026-01-15:212000,2026-01-15,none,"Pay INR 212,000.00 in full on 2026-01-15. Paying earlier would take the balance below the INR 106,400.00 minimum."
request_36,715.05,affordable_later,wait,2026-09-15:3954,2026-09-15,none,"Pay USD 3,954.00 in full on 2026-09-15. Paying earlier would take the balance below the USD 2,400.00 minimum."
request_37,0.0,not_affordable,not_recommended,none,,none,"Do not make this payment by 2024-05-15. None of the available options keeps the IDR 17,056,200.00 minimum protected."
request_38,173.7,affordable_later,wait,2025-09-15:971.30,2025-09-15,none,Pay EUR 971.30 in full on 2025-09-15. Paying earlier would take the balance below the EUR 400.00 minimum.
request_39,73456.34,affordable_later,wait,2026-05-15:208600,2026-05-15,none,"Pay INR 208,600.00 in full on 2026-05-15. Paying earlier would take the balance below the INR 213,400.00 minimum."
request_40,434.31,affordable_later,wait,2024-08-15:1290.30,2024-08-15,none,"Pay EUR 1,290.30 in full on 2024-08-15. Paying earlier would take the balance below the EUR 1,500.00 minimum."
request_41,13142122.32,affordable_later,wait,2025-12-15:38760000,2025-12-15,none,"Pay IDR 38,760,000.00 in full on 2025-12-15. Paying earlier would take the balance below the IDR 25,366,600.00 minimum."
request_42,52100.0,affordable_now,full_payment,2026-01-05:52100,2026-01-05,none,"Pay INR 52,100.00 today. This keeps the INR 113,100.00 minimum available over the next 90 days."
request_43,8380922.32,affordable_later,wait,2024-11-15:43339000,2024-11-15,none,"Pay IDR 43,339,000.00 in full on 2024-11-15. Paying earlier would take the balance below the IDR 21,398,000.00 minimum."
request_44,42397.7,affordable_later,wait,2025-04-15:95800,2025-04-15,none,"Pay INR 95,800.00 in full on 2025-04-15. Paying earlier would take the balance below the INR 82,900.00 minimum."
request_45,4155159.16,affordable_later,wait,2026-09-15:21983000,2026-09-15,none,"The requested amount of IDR 21,983,000.00 is currently not affordable while maintaining your minimum balance of IDR 11,149,800.00, but you can fully afford it by waiting until September 15, 2026."
request_46,44574.24,affordable_with_plan,partial_payment,2024-12-03:44574.24|2024-12-15:4875.76,2024-12-15,none,"Pay INR 44,574.24 today and the remaining INR 4,875.76 on 2024-12-15. This completes the full request and keeps the INR 84,000.00 minimum protected."
request_47,34388079.08,affordable_later,wait,2025-07-26:38114000,2025-07-26,none,"Based on your current finances, the requested amount of IDR 38,114,000.00 is currently unaffordable, but you can safely make the full payment by waiting until the earliest full date of July 26, 2025. No spending changes are required."
request_48,45700.0,affordable_now,full_payment,2026-07-25:45700,2026-07-25,none,"You can fully afford the requested INR 45,700.00 today without making any spending changes. The single payment of INR 45,700.00 is scheduled for July 25, 2026."
request_49,14381358.44,affordable_with_plan,installments,2024-03-18:11902106.67|2024-04-18:11902106.67|2024-05-19:11902106.67,2024-05-15,none,"The requested amount of IDR 34,333,000.00 is affordable through an installment plan of three monthly payments of IDR 11,902,106.67 starting March 18, 2024, without requiring any spending changes."
request_50,43900.0,affordable_now,full_payment,2025-08-06:43900,2025-08-06,none,"You can afford the requested INR 43,900.00 today via a full payment, leaving your minimum balance of INR 99,700.00 intact without needing any spending changes."
request_51,2191000.0,affordable_now,full_payment,2026-01-03:2191000,2026-01-03,none,"You can afford the requested amount of IDR 2,191,000.00 today via a full payment on January 3, 2026. This purchase requires no spending changes and leaves you with the minimum balance of IDR 7,811,000.00."
request_52,19032.52,affordable_later,wait,2024-06-15:28870,2024-06-15,none,"The requested amount of INR 28,870.00 is currently unaffordable while maintaining your minimum balance of INR 41,500.00, but you can safely make the full payment on June 15, 2024."
request_53,562.93,affordable_with_plan,installments,2025-11-21:589.06|2025-12-19:589.06|2026-01-16:589.06,2025-12-15,none,"The requested USD 1,699.20 is affordable using a three-installment plan of USD 589.06 each, scheduled for November 21, 2025, December 19, 2025, and January 16, 2026. This approach maintains your minimum balance of USD 2,100.00 without requiring any spending changes."
request_54,3613.8,not_affordable,not_recommended,none,,none,"Do not make this payment by 2026-08-21. None of the available options keeps the ZAR 37,000.00 minimum protected."
request_55,141067.31,affordable_with_plan,installments,2026-06-11:75781.33|2026-07-12:75781.33|2026-08-12:75781.33,2026-07-15,none,"Use 3 installments of INR 75,781.33, starting 2026-06-11. This leaves at least INR 124,300.00 available."
request_56,688.97,affordable_with_plan,partial_payment,2025-02-03:688.97|2025-02-15:192.59,2025-02-15,none,"Pay USD 688.97 today and the remaining USD 192.59 on 2025-02-15. This completes the full request and keeps the USD 2,100.00 minimum protected."
request_57,14429.3,affordable_later,wait,2026-06-15:61446,2026-06-15,none,"Pay ZAR 61,446.00 in full on 2026-06-15. Paying earlier would take the balance below the ZAR 42,700.00 minimum."
request_58,16226000.0,affordable_now,full_payment,2024-12-07:16226000,2024-12-07,none,"Pay IDR 16,226,000.00 today. This keeps the IDR 14,433,900.00 minimum available over the next 90 days."
request_59,140600.0,affordable_with_plan,installments,2025-05-07:48741.33|2025-06-04:48741.33|2025-07-02:48741.33,2025-05-04,none,"Use 3 installments of INR 48,741.33, starting 2025-05-07. This leaves at least INR 132,600.00 available."
request_60,103.39,not_affordable,not_recommended,none,,none,Do not make this payment by 2026-03-04. None of the available options keeps the USD 400.00 minimum protected.
request_61,29062.0,affordable_with_plan,installments,2024-03-17:10074.83|2024-04-17:10074.83|2024-05-18:10074.83,2024-03-03,none,"Use 3 installments of ZAR 10,074.83, starting 2024-03-17. This leaves at least ZAR 36,700.00 available."
request_62,404.23,affordable_now,full_payment,2025-08-05:404.23,2025-08-05,none,"Pay USD 404.23 today. This keeps the USD 1,300.00 minimum available over the next 90 days."
request_63,53033.65,not_affordable,not_recommended,none,,none,"Do not make this payment by 2026-09-17. None of the available options keeps the INR 153,500.00 minimum protected."
request_64,49095.62,affordable_with_plan,installments,2024-06-11:22082.67|2024-07-12:22082.67|2024-08-12:22082.67,2024-06-15,none,"Use 3 installments of INR 22,082.67, starting 2024-06-11. This leaves at least INR 36,100.00 available."
request_65,6638.3,not_affordable,not_recommended,none,,none,"Do not make this payment by 2025-11-25. None of the available options keeps the ZAR 15,500.00 minimum protected."
request_66,22200.0,affordable_now,full_payment,2026-04-03:22200,2026-04-03,none,"Pay INR 22,200.00 today. This keeps the INR 80,700.00 minimum available over the next 90 days."
request_67,381.45,affordable_later,wait,2024-11-15:2094,2024-11-15,none,"Pay USD 2,094.00 in full on 2024-11-15. Paying earlier would take the balance below the USD 1,200.00 minimum."
request_68,1391.55,affordable_with_plan,installments,2025-02-14:725.09|2025-03-14:725.09|2025-04-11:725.09,2025-03-23,none,"Use 3 installments of USD 725.09, starting 2025-02-14. This leaves at least USD 1,500.00 available."
request_69,529.1,affordable_now,full_payment,2026-01-04:529.10,2026-01-04,none,Pay EUR 529.10 today. This keeps the EUR 700.00 minimum available over the next 90 days.
request_70,49461.07,affordable_later,wait,2025-02-15:243900,2025-02-15,none,"Pay INR 243,900.00 in full on 2025-02-15. Paying earlier would take the balance below the INR 115,000.00 minimum."
request_71,1225160.13,not_affordable,not_recommended,none,,none,"Do not make this payment by 2025-05-28. None of the available options keeps the IDR 8,884,800.00 minimum protected."
request_72,11330.0,affordable_now,full_payment,2026-07-05:11330,2026-07-05,none,"Pay ZAR 11,330.00 today. This keeps the ZAR 12,200.00 minimum available over the next 90 days."
request_73,71400.0,affordable_now,full_payment,2023-01-20:71400,2023-01-20,none,"Pay INR 71,400.00 today. This keeps the INR 103,200.00 minimum available over the next 90 days."
request_74,5010.0,affordable_now,full_payment,2025-08-04:5010,2025-08-04,none,"Pay ZAR 5,010.00 today. This keeps the ZAR 21,900.00 minimum available over the next 90 days."
request_75,28270.0,affordable_with_plan,installments,2026-04-09:9800.27|2026-05-09:9800.27|2026-06-08:9800.27,2026-04-06,none,"Use 3 installments of ZAR 9,800.27, starting 2026-04-09. This leaves at least ZAR 39,000.00 available."
request_76,700.78,not_affordable,not_recommended,none,,none,"Do not make this payment by 2024-07-30. None of the available options keeps the USD 1,800.00 minimum protected."
request_77,60700.0,affordable_now,full_payment,2025-11-05:60700,2025-11-05,none,"Pay INR 60,700.00 today. This keeps the INR 82,200.00 minimum available over the next 90 days."
request_78,50200.0,affordable_now,full_payment,2025-10-02:50200,2025-10-02,none,"Pay INR 50,200.00 today. This keeps the INR 55,200.00 minimum available over the next 90 days."
request_79,404.47,not_affordable,not_recommended,none,2024-11-15,none,"Do not make this payment by 2024-11-01. None of the available options keeps the EUR 1,000.00 minimum protected."
request_80,0.0,not_affordable,not_recommended,none,,none,"Do not make this payment by 2025-02-21. None of the available options keeps the INR 121,300.00 minimum protected."
request_81,2076.0,affordable_now,full_payment,2026-07-03:2076,2026-07-03,none,"Pay USD 2,076.00 today. This keeps the USD 1,600.00 minimum available over the next 90 days."
request_82,0.0,not_affordable,not_recommended,none,,none,"Do not make this payment by 2025-02-15. None of the available options keeps the USD 1,100.00 minimum protected."
request_83,11665.69,not_affordable,not_recommended,none,,none,"Do not make this payment by 2025-06-17. None of the available options keeps the INR 37,800.00 minimum protected."
request_84,35871.89,affordable_later,wait,2026-05-15:95400,2026-05-15,none,"Pay INR 95,400.00 in full on 2026-05-15. Paying earlier would take the balance below the INR 91,300.00 minimum."
request_85,1116545.35,not_affordable,not_recommended,none,,none,"Do not make this payment by 2024-04-26. None of the available options keeps the IDR 6,396,300.00 minimum protected."
request_86,46300.0,affordable_now,full_payment,2025-08-03:46300,2025-08-03,none,"Pay INR 46,300.00 today. This keeps the INR 84,900.00 minimum available over the next 90 days."
request_87,38643.27,not_affordable,not_recommended,none,,none,"Do not make this payment by 2026-03-15. None of the available options keeps the INR 185,900.00 minimum protected."
request_88,10701.68,affordable_with_plan,installments,2024-06-14:9045.23|2024-07-15:9045.23|2024-08-15:9045.23,2024-07-15,none,"Use 3 installments of ZAR 9,045.23, starting 2024-06-14. This leaves at least ZAR 25,800.00 available."
request_89,10377242.87,affordable_with_plan,installments,2025-11-18:4768746.67|2025-12-16:4768746.67|2026-01-13:4768746.67,2025-12-15,none,"Use 3 installments of IDR 4,768,746.67, starting 2025-11-18. This leaves at least IDR 12,534,700.00 available."
request_90,2560.0,affordable_now,full_payment,2026-07-06:2560,2026-07-06,none,"Pay ZAR 2,560.00 today. This keeps the ZAR 7,600.00 minimum available over the next 90 days."
request_91,677.06,affordable_later,wait,2024-11-15:1927.20,2024-11-15,none,"Pay EUR 1,927.20 in full on 2024-11-15. Paying earlier would take the balance below the EUR 2,100.00 minimum."
request_92,10945.57,not_affordable,not_recommended,none,,none,"Do not make this payment by 2025-02-14. None of the available options keeps the ZAR 28,100.00 minimum protected."
request_93,1729.2,affordable_now,full_payment,2026-04-07:1729.20,2026-04-07,none,"Pay USD 1,729.20 today. This keeps the USD 1,900.00 minimum available over the next 90 days."
request_94,572.0,affordable_now,full_payment,2024-12-04:572,2024-12-04,none,Pay EUR 572.00 today. This keeps the EUR 600.00 minimum available over the next 90 days.
request_95,14826.12,not_affordable,not_recommended,none,,none,"Do not make this payment by 2025-07-14. None of the available options keeps the INR 145,500.00 minimum protected."
request_96,77141.12,affordable_with_plan,installments,2026-01-10:31269.33|2026-02-09:31269.33|2026-03-11:31269.33,2026-01-15,none,"Use 3 installments of INR 31,269.33, starting 2026-01-10. This leaves at least INR 56,500.00 available."
request_97,1473.04,affordable_with_plan,installments,2024-03-19:8145.28|2024-04-19:8145.28|2024-05-20:8145.28,2024-04-15,none,"Use 3 installments of ZAR 8,145.28, starting 2024-03-19. This leaves at least ZAR 29,700.00 available."
request_98,9249.46,affordable_later,wait,2025-09-15:27148,2025-09-15,none,"Pay ZAR 27,148.00 in full on 2025-09-15. Paying earlier would take the balance below the ZAR 30,000.00 minimum."
request_99,18062.0,affordable_now,full_payment,2026-07-04:18062,2026-07-04,none,"Pay ZAR 18,062.00 today. This keeps the ZAR 49,100.00 minimum available over the next 90 days."
request_100,28603.68,affordable_with_plan,installments,2024-06-13:12866.19|2024-07-14:12866.19|2024-08-14:12866.19,2024-06-15,none,"Use 3 installments of ZAR 12,866.19, starting 2024-06-13. This leaves at least ZAR 32,500.00 available."
request_101,143500.0,affordable_now,full_payment,2025-11-03:143500,2025-11-03,none,"Pay INR 143,500.00 today. This keeps the INR 187,400.00 minimum available over the next 90 days."
request_102,1716.0,affordable_with_plan,installments,2026-04-05:594.88|2026-05-05:594.88|2026-06-04:594.88,2026-04-05,none,"Use 3 installments of EUR 594.88, starting 2026-04-05. This leaves at least EUR 900.00 available."
request_103,7376.55,not_affordable,not_recommended,none,,none,"Do not make this payment by 2024-10-07. None of the available options keeps the INR 125,500.00 minimum protected."
request_104,0.0,not_affordable,not_recommended,none,,none,"Do not make this payment by 2025-04-15. None of the available options keeps the ZAR 24,700.00 minimum protected."
request_105,53500.0,affordable_now,full_payment,2026-06-08:53500,2026-06-08,none,"Pay INR 53,500.00 today. This keeps the INR 73,900.00 minimum available over the next 90 days."
request_106,456.07,affordable_later,wait,2025-02-15:2207.70,2025-02-15,none,"Pay EUR 2,207.70 in full on 2025-02-15. Paying earlier would take the balance below the EUR 1,200.00 minimum."
request_107,920.2,not_affordable,not_recommended,none,,none,"Do not make this payment by 2025-07-04. None of the available options keeps the EUR 1,600.00 minimum protected."
request_108,0.0,not_affordable,not_recommended,none,,none,"Do not make this payment by 2026-07-26. None of the available options keeps the ZAR 24,100.00 minimum protected."
request_109,829.98,affordable_with_plan,installments,2024-03-18:645.98|2024-04-18:645.98|2024-05-19:645.98,2024-04-15,none,"Use 3 installments of EUR 645.98, starting 2024-03-18. This leaves at least EUR 1,700.00 available."
request_110,22352.0,affordable_with_plan,installments,2025-08-06:7748.69|2025-09-03:7748.69|2025-10-01:7748.69,2025-08-06,none,"Use 3 installments of ZAR 7,748.69, starting 2025-08-06. This leaves at least ZAR 11,200.00 available."
request_111,16625000.0,affordable_now,full_payment,2026-04-03:16625000,2026-04-03,none,"Pay IDR 16,625,000.00 today. This keeps the IDR 23,022,800.00 minimum available over the next 90 days."
request_112,271.7,affordable_now,full_payment,2024-06-05:271.70,2024-06-05,none,Pay EUR 271.70 today. This keeps the EUR 500.00 minimum available over the next 90 days.
request_113,36500.0,affordable_now,full_payment,2026-09-04:36500,2026-09-04,none,"Pay INR 36,500.00 today. This keeps the INR 82,300.00 minimum available over the next 90 days."
request_114,32096.39,not_affordable,not_recommended,none,,none,"Do not make this payment by 2026-01-14. None of the available options keeps the INR 113,400.00 minimum protected."
request_115,14444.65,affordable_later,wait,2024-10-15:80500,2024-10-15,none,"Pay INR 80,500.00 in full on 2024-10-15. Paying earlier would take the balance below the INR 38,800.00 minimum."
request_116,12651.78,not_affordable,not_recommended,none,,none,"Do not make this payment by 2025-04-16. None of the available options keeps the INR 80,300.00 minimum protected."
request_117,880.0,affordable_now,full_payment,2026-07-05:880,2026-07-05,none,"Pay EUR 880.00 today. This keeps the EUR 1,000.00 minimum available over the next 90 days."
request_118,0.0,not_affordable,not_recommended,none,,none,Do not make this payment by 2025-02-08. None of the available options keeps the EUR 600.00 minimum protected.
request_119,58971.58,affordable_with_plan,installments,2025-05-18:70546.67|2025-06-15:70546.67|2025-07-13:70546.67,2025-06-15,none,"Use 3 installments of INR 70,546.67, starting 2025-05-18. This leaves at least INR 151,200.00 available."
request_120,7714000.0,affordable_now,full_payment,2026-04-06:7714000,2026-04-06,none,"Pay IDR 7,714,000.00 today. This keeps the IDR 20,050,300.00 minimum available over the next 90 days."
request_121,633.6,affordable_now,full_payment,2024-03-03:633.60,2024-03-03,none,Pay USD 633.60 today. This keeps the USD 800.00 minimum available over the next 90 days.
request_122,20558000.0,affordable_with_plan,installments,2025-08-05:7126773.33|2025-09-02:7126773.33|2025-09-30:7126773.33,2025-08-05,none,"Use 3 installments of IDR 7,126,773.33, starting 2025-08-05. This leaves at least IDR 12,588,500.00 available."
request_123,4076000.0,affordable_now,full_payment,2026-01-07:4076000,2026-01-07,none,"Pay IDR 4,076,000.00 today. This keeps the IDR 18,091,200.00 minimum available over the next 90 days."
request_124,1395.81,affordable_with_plan,installments,2024-06-11:1076.12|2024-07-12:1076.12|2024-08-12:1076.12,2024-07-15,none,"Use 3 installments of EUR 1,076.12, starting 2024-06-11. This leaves at least EUR 1,600.00 available."
request_125,6468.0,affordable_now,full_payment,2025-11-06:6468,2025-11-06,none,"Pay ZAR 6,468.00 today. This keeps the ZAR 11,300.00 minimum available over the next 90 days."
request_126,159600.0,affordable_now,full_payment,2026-07-03:159600,2026-07-03,none,"Pay INR 159,600.00 today. This keeps the INR 129,700.00 minimum available over the next 90 days."
request_127,10322.4,affordable_later,wait,2024-09-15:23980,2024-09-15,none,"Pay ZAR 23,980.00 in full on 2024-09-15. Paying earlier would take the balance below the ZAR 41,000.00 minimum."
request_128,25168.0,affordable_now,full_payment,2025-02-07:25168,2025-02-07,none,"Pay ZAR 25,168.00 today. This keeps the ZAR 42,600.00 minimum available over the next 90 days."
request_129,154.39,not_affordable,not_recommended,none,2026-06-15,none,Do not make this payment by 2026-06-18. None of the available options keeps the USD 800.00 minimum protected.
request_130,443.87,affordable_later,wait,2025-02-15:1978.80,2025-02-15,none,"Pay USD 1,978.80 in full on 2025-02-15. Paying earlier would take the balance below the USD 1,400.00 minimum."
request_131,1179.38,affordable_with_plan,installments,2025-05-06:643.14|2025-06-03:643.14|2025-07-01:643.14,2025-06-23,none,"Use 3 installments of USD 643.14, starting 2025-05-06. This leaves at least USD 1,100.00 available."
request_132,185.35,not_affordable,not_recommended,none,,none,"Based on your current balance and required minimum reserve, the requested amount of USD 379.86 is not affordable and the transaction is not recommended. A safe amount to spend today is USD 185.35 without altering your spending habits."
request_133,15770000.0,not_affordable,not_recommended,none,2024-03-07,none,"The requested amount of IDR 15,770,000.00 is currently not affordable, and the proposed method is not recommended. You can safely afford the full amount starting on 2024-03-07 while maintaining your minimum balance of IDR 9,986,200.00."
request_134,5479671.18,affordable_later,wait,2025-10-15:21831000,2025-10-15,none,"The requested amount of IDR 21,831,000.00 is not affordable today, as you need to maintain a minimum balance of IDR 15,902,500.00. However, it will become fully affordable to pay in a single installment on October 15, 2025, with no required spending changes."
request_135,304.8,affordable_now,full_payment,2026-07-06:304.80,2026-07-06,none,"You can afford the requested USD 304.80 today as a full payment without needing any spending changes. The scheduled payment date is July 6, 2026."
request_136,560.4,affordable_now,full_payment,2024-06-03:560.40,2024-06-03,none,"You can afford the full payment of USD 560.40 today, June 3, 2024, without making any spending changes. This purchase leaves your account at your required minimum balance of USD 1,100.00."
request_137,34219.75,affordable_later,wait,2026-01-15:80100,2026-01-15,none,"The requested amount of INR 80,100.00 is currently unaffordable while maintaining your minimum balance of INR 71,800.00, but it will become fully affordable on January 15, 2026."
request_138,847.74,affordable_with_plan,installments,2026-04-07:435.74|2026-05-05:435.74|2026-06-02:435.74,2026-04-15,none,"The requested amount of EUR 1,256.94 is affordable using an installment plan of three payments of EUR 435.74 due on April 7, May 5, and June 2, 2026. This plan maintains your minimum balance of EUR 2,300.00 without requiring any spending changes."
request_139,1415.93,affordable_with_plan,installments,2024-09-07:802.88|2024-10-08:802.88|2024-11-08:802.88,2024-10-15,none,"The requested USD 2,316.00 is affordable using a three-installment plan of USD 802.88 due on September 7, October 8, and November 8, 2024, requiring no spending changes. Paying in full is available starting October 15, 2024."
request_140,2699.75,not_affordable,not_recommended,none,,none,"The requested amount of ZAR 62,832.00 is currently unaffordable and not recommended without a payment plan or spending changes. You can safely spend up to ZAR 2,699.75 today while maintaining the required minimum balance of ZAR 21,600.00."
request_141,33943.54,not_affordable,not_recommended,none,,none,"Based on your current finances, the requested amount of INR 171,600.00 is not affordable and this method is not recommended. You can safely spend up to INR 33,943.54 today while maintaining your required minimum balance of INR 67,300.00."
request_142,1263.6,affordable_now,full_payment,2024-12-05:1263.60,2024-12-05,none,"You can afford the requested USD 1,263.60 in full today, December 5, 2024, without needing any spending changes. This leaves you at your minimum balance of USD 1,700.00."
request_143,3029.63,affordable_later,wait,2025-05-15:12584,2025-05-15,none,"You cannot afford the requested ZAR 12,584.00 today while maintaining your minimum balance of ZAR 11,300.00, but you will be able to pay the full amount on 2025-05-15 without making any spending changes."
request_144,233.34,affordable_now,full_payment,2026-07-04:233.34,2026-07-04,none,"The requested amount of USD 233.34 is fully affordable today without requiring any spending changes, leaving your minimum balance of USD 600.00 intact. The complete payment is scheduled for July 4, 2026."
request_145,0.0,not_affordable,not_recommended,none,,none,"The requested amount of INR 217,400.00 is currently not affordable and not recommended, as your safe amount today is INR 0.00. To maintain your required minimum balance of INR 155,400.00, no payment plan or spending changes are currently available to facilitate this expense."
request_146,16737.94,not_affordable,not_recommended,none,,none,"The requested amount of INR 449,400.00 is currently not affordable, and this purchase is not recommended. You can safely spend up to INR 16,737.94 today while maintaining your required minimum balance of INR 108,600.00."
request_147,544.68,affordable_with_plan,installments,2026-04-08:391.63|2026-05-08:391.63|2026-06-07:391.63,2026-04-15,none,"The requested amount of EUR 1,129.70 is affordable using an installment plan of three monthly payments of EUR 391.63, beginning on April 8, 2026. This plan requires no spending changes and maintains your minimum balance of EUR 900.00."
request_148,9437.4,affordable_with_plan,installments,2024-06-14:7710.56|2024-07-15:7710.56|2024-08-15:7710.56,2024-07-15,none,"Use 3 installments of ZAR 7,710.56, starting 2024-06-14. This leaves at least ZAR 20,000.00 available."
request_149,24480.44,affordable_with_plan,installments,2025-11-18:12706.03|2025-12-16:12706.03|2026-01-13:12706.03,2025-12-15,none,"Use 3 installments of ZAR 12,706.03, starting 2025-11-18. This leaves at least ZAR 42,100.00 available."
request_150,173.05,not_affordable,not_recommended,none,,none,Do not make this payment by 2026-03-16. None of the available options keeps the EUR 700.00 minimum protected.
request_151,26999000.0,affordable_now,full_payment,2024-09-03:26999000,2024-09-03,none,"Pay IDR 26,999,000.00 today. This keeps the IDR 31,633,600.00 minimum available over the next 90 days."
request_152,11476.82,affordable_with_plan,installments,2025-02-12:4812.43|2025-03-12:4812.43|2025-04-09:4812.43,2025-03-15,none,"Use 3 installments of ZAR 4,812.43, starting 2025-02-12. This leaves at least ZAR 11,900.00 available."
request_153,280.83,not_affordable,not_recommended,none,,none,"Do not make this payment by 2026-09-24. None of the available options keeps the USD 1,400.00 minimum protected."
request_154,1625.8,affordable_with_plan,installments,2024-12-04:563.61|2025-01-04:563.61|2025-02-04:563.61,2024-12-04,none,"Use 3 installments of EUR 563.61, starting 2024-12-04. This leaves at least EUR 1,300.00 available."
request_155,112500.0,affordable_now,full_payment,2025-05-06:112500,2025-05-06,none,"Pay INR 112,500.00 today. This keeps the INR 56,300.00 minimum available over the next 90 days."
request_156,9643.53,affordable_later,wait,2026-06-15:43076,2026-06-15,none,"Pay ZAR 43,076.00 in full on 2026-06-15. Paying earlier would take the balance below the ZAR 26,900.00 minimum."
request_157,5714318.34,affordable_later,wait,2024-05-15:23503000,2024-05-15,none,"Pay IDR 23,503,000.00 in full on 2024-05-15. Paying earlier would take the balance below the IDR 15,714,100.00 minimum."
request_158,242600.0,affordable_with_plan,installments,2025-08-07:84101.33|2025-09-04:84101.33|2025-10-02:84101.33,2025-08-07,none,"Use 3 installments of INR 84,101.33, starting 2025-08-07. This leaves at least INR 131,400.00 available."
request_159,7020.47,not_affordable,not_recommended,none,,none,"Do not make this payment by 2026-03-20. None of the available options keeps the ZAR 8,700.00 minimum protected."
request_160,572.22,affordable_with_plan,installments,2024-06-13:432.05|2024-07-14:432.05|2024-08-14:432.05,2024-07-15,none,"Use 3 installments of EUR 432.05, starting 2024-06-13. This leaves at least EUR 1,200.00 available."
request_161,0.0,not_affordable,not_recommended,none,,none,"Do not make this payment by 2026-01-15. None of the available options keeps the IDR 23,010,400.00 minimum protected."
request_162,2504432.68,not_affordable,not_recommended,none,,none,"Do not make this payment by 2026-08-26. None of the available options keeps the IDR 24,161,100.00 minimum protected."
request_163,0.0,not_affordable,not_recommended,none,,none,"Do not make this payment by 2024-11-15. None of the available options keeps the IDR 26,728,700.00 minimum protected."
request_164,27018000.0,affordable_with_plan,installments,2025-02-11:9366240|2025-03-11:9366240|2025-04-08:9366240,2025-02-04,none,"Use 3 installments of IDR 9,366,240.00, starting 2025-02-11. This leaves at least IDR 29,550,500.00 available."
request_165,80600.0,affordable_now,full_payment,2026-04-06:80600,2026-04-06,none,"Pay INR 80,600.00 today. This keeps the INR 95,000.00 minimum available over the next 90 days."
request_166,2907.6,affordable_with_plan,installments,2024-12-03:1007.97|2025-01-03:1007.97|2025-02-03:1007.97,2024-12-03,none,"Use 3 installments of USD 1,007.97, starting 2024-12-03. This leaves at least USD 1,700.00 available."
request_167,43802.0,affordable_now,full_payment,2025-05-05:43802,2025-05-05,none,"Pay ZAR 43,802.00 today. This keeps the ZAR 31,200.00 minimum available over the next 90 days."
request_168,15309.05,not_affordable,not_recommended,none,,none,"Do not make this payment by 2026-03-16. None of the available options keeps the INR 114,400.00 minimum protected."
request_169,41976.0,affordable_now,full_payment,2024-03-04:41976,2024-03-04,none,"Pay ZAR 41,976.00 today. This keeps the ZAR 18,700.00 minimum available over the next 90 days."
request_170,31490182.96,affordable_with_plan,installments,2025-08-06:12804480|2025-09-03:12804480|2025-10-01:12804480,2025-08-15,none,"Use 3 installments of IDR 12,804,480.00, starting 2025-08-06. This leaves at least IDR 24,715,800.00 available."
request_171,61.24,not_affordable,not_recommended,none,,none,Do not make this payment by 2026-09-10. None of the available options keeps the EUR 500.00 minimum protected.
request_172,9971.13,affordable_with_plan,partial_payment,2024-06-05:9971.13|2024-06-15:228.87,2024-06-15,none,"Pay ZAR 9,971.13 today and the remaining ZAR 228.87 on 2024-06-15. This completes the full request and keeps the ZAR 27,200.00 minimum protected."
request_173,68704.44,affordable_with_plan,installments,2025-11-21:39173.33|2025-12-19:39173.33|2026-01-16:39173.33,2025-12-15,none,"Use 3 installments of INR 39,173.33, starting 2025-11-21. This leaves at least INR 79,100.00 available."
request_174,1146.2,affordable_with_plan,installments,2026-04-04:397.35|2026-05-04:397.35|2026-06-03:397.35,2026-04-04,none,"Use 3 installments of EUR 397.35, starting 2026-04-04. This leaves at least EUR 700.00 available."
request_175,2346.3,affordable_now,full_payment,2024-09-06:2346.30,2024-09-06,none,"Pay EUR 2,346.30 today. This keeps the EUR 1,700.00 minimum available over the next 90 days."
request_176,0.0,not_affordable,not_recommended,none,,none,Do not make this payment by 2025-02-27. None of the available options keeps the EUR 600.00 minimum protected.
request_177,998.87,affordable_with_plan,full_payment,2026-01-05:1017.60,2026-01-05,reduce_to:event_16317:32|reduce_to:event_16237:15.50|stop:event_16234,"Stop/reduce specified flexible expenses, then pay USD 1,017.60 today. This leaves at least USD 1,300.00 available."
request_178,2938.1,affordable_with_plan,installments,2024-12-07:1018.54|2025-01-07:1018.54|2025-02-07:1018.54,2024-12-07,none,"Use 3 installments of EUR 1,018.54, starting 2024-12-07. This leaves at least EUR 1,400.00 available."
request_179,8204756.42,affordable_later,wait,2025-07-15:41648000,2025-07-15,none,"Pay IDR 41,648,000.00 in full on 2025-07-15. Paying earlier would take the balance below the IDR 41,430,800.00 minimum."
request_180,66500.0,affordable_now,full_payment,2026-07-06:66500,2026-07-06,none,"Pay INR 66,500.00 today. This keeps the INR 37,300.00 minimum available over the next 90 days."
request_181,674.29,not_affordable,not_recommended,none,,none,"Do not make this payment by 2024-04-07. None of the available options keeps the USD 2,000.00 minimum protected."
request_182,65714.0,affordable_now,full_payment,2025-08-05:65714,2025-08-05,none,"Pay ZAR 65,714.00 today. This keeps the ZAR 31,100.00 minimum available over the next 90 days."
request_183,24402616.76,affordable_with_plan,installments,2026-04-10:9313546.67|2026-05-10:9313546.67|2026-06-09:9313546.67,2026-04-15,none,"Use 3 installments of IDR 9,313,546.67, starting 2026-04-10. This leaves at least IDR 11,878,300.00 available."
request_184,19357.49,not_affordable,not_recommended,none,,none,"Do not make this payment by 2024-07-30. None of the available options keeps the INR 110,800.00 minimum protected."
request_185,449.64,affordable_later,wait,2025-12-15:1257.30,2025-12-15,none,"Pay EUR 1,257.30 in full on 2025-12-15. Paying earlier would take the balance below the EUR 1,300.00 minimum."
request_186,4264.17,not_affordable,not_recommended,none,,none,"Do not make this payment by 2026-03-15. None of the available options keeps the ZAR 22,000.00 minimum protected."
request_187,38054.42,affordable_later,wait,2024-11-15:187500,2024-11-15,none,"Pay INR 187,500.00 in full on 2024-11-15. Paying earlier would take the balance below the INR 128,300.00 minimum."
request_188,132.71,not_affordable,not_recommended,none,,none,Do not make this payment by 2025-03-04. None of the available options keeps the EUR 900.00 minimum protected.
request_189,488.4,affordable_now,full_payment,2026-07-04:488.40,2026-07-04,none,Pay EUR 488.40 today. This keeps the EUR 400.00 minimum available over the next 90 days.
request_190,648.36,affordable_later,wait,2025-02-15:2557.50,2025-02-15,none,"Pay EUR 2,557.50 in full on 2025-02-15. Paying earlier would take the balance below the EUR 1,600.00 minimum."
request_191,664.4,affordable_now,full_payment,2025-05-03:664.40,2025-05-03,none,Pay EUR 664.40 today. This keeps the EUR 500.00 minimum available over the next 90 days.
request_192,201.38,not_affordable,not_recommended,none,,none,"Do not make this payment by 2026-05-11. None of the available options keeps the USD 1,000.00 minimum protected."
request_193,137.8,affordable_with_plan,installments,2024-03-21:420.23|2024-04-21:420.23|2024-05-22:420.23,2024-04-15,none,"Use 3 installments of EUR 420.23, starting 2024-03-21. This leaves at least EUR 1,000.00 available."
request_194,39132.06,affordable_later,wait,2025-10-23:132800,2025-10-23,none,"Pay INR 132,800.00 in full on 2025-10-23. Paying earlier would take the balance below the INR 113,600.00 minimum."
request_195,762.46,not_affordable,not_recommended,none,,none,Do not make this payment by 2026-03-11. None of the available options keeps the EUR 700.00 minimum protected.
request_196,762.3,affordable_now,full_payment,2024-06-03:762.30,2024-06-03,none,Pay EUR 762.30 today. This keeps the EUR 500.00 minimum available over the next 90 days.
request_197,27230158.61,not_affordable,not_recommended,none,,none,"Do not make this payment by 2026-01-21. None of the available options keeps the IDR 26,245,900.00 minimum protected."
request_198,185800.0,affordable_now,full_payment,2026-07-07:185800,2026-07-07,none,"Pay INR 185,800.00 today. This keeps the INR 124,300.00 minimum available over the next 90 days."
request_199,23674000.0,affordable_with_plan,installments,2024-09-07:8206986.67|2024-10-08:8206986.67|2024-11-08:8206986.67,2024-09-04,none,"Use 3 installments of IDR 8,206,986.67, starting 2024-09-07. This leaves at least IDR 25,359,500.00 available."
request_200,21717000.0,affordable_now,full_payment,2025-02-06:21717000,2025-02-06,none,"Pay IDR 21,717,000.00 today. This keeps the IDR 20,114,600.00 minimum available over the next 90 days."
request_201,23997000.0,affordable_now,full_payment,2026-04-03:23997000,2026-04-03,none,"Pay IDR 23,997,000.00 today. This keeps the IDR 17,304,500.00 minimum available over the next 90 days."
request_202,123900.0,affordable_now,full_payment,2024-12-05:123900,2024-12-05,none,"Pay INR 123,900.00 today. This keeps the INR 147,800.00 minimum available over the next 90 days."
request_203,1442.1,affordable_with_plan,installments,2025-05-10:499.93|2025-06-07:499.93|2025-07-05:499.93,2025-05-07,none,"Use 3 installments of EUR 499.93, starting 2025-05-10. This leaves at least EUR 1,400.00 available."
request_204,588.74,affordable_now,full_payment,2026-01-04:588.74,2026-01-04,none,"Pay EUR 588.74 today. This keeps the EUR 1,300.00 minimum available over the next 90 days."
request_205,10621000.0,affordable_now,full_payment,2024-03-06:10621000,2024-03-06,none,"Pay IDR 10,621,000.00 today. This keeps the IDR 13,994,300.00 minimum available over the next 90 days."
request_206,1404.7,affordable_with_plan,installments,2025-08-03:486.96|2025-08-31:486.96|2025-09-28:486.96,2025-08-03,none,"Use 3 installments of EUR 486.96, starting 2025-08-03. This leaves at least EUR 900.00 available."
request_207,5424.54,affordable_later,wait,2026-07-15:11830,2026-07-15,none,"Pay ZAR 11,830.00 in full on 2026-07-15. Paying earlier would take the balance below the ZAR 13,600.00 minimum."
request_208,4279578.91,affordable_later,wait,2024-06-15:4413000,2024-06-15,none,"Pay IDR 4,413,000.00 in full on 2024-06-15. Paying earlier would take the balance below the IDR 10,470,700.00 minimum."
request_209,2254.01,not_affordable,not_recommended,none,,none,"Do not make this payment by 2025-11-25. None of the available options keeps the ZAR 18,400.00 minimum protected."
request_210,985.7,affordable_with_plan,partial_payment,2026-04-06:985.70|2026-04-15:374.32,2026-04-15,none,"Pay USD 985.70 today and the remaining USD 374.32 on 2026-04-15. This completes the full request and keeps the USD 2,000.00 minimum protected."
request_211,347.82,affordable_later,wait,2024-11-15:1788.60,2024-11-15,none,"Pay EUR 1,788.60 in full on 2024-11-15. Paying earlier would take the balance below the EUR 1,500.00 minimum."
request_212,5512011.94,not_affordable,not_recommended,none,,none,"Do not make this payment by 2025-02-28. None of the available options keeps the IDR 29,579,800.00 minimum protected."
request_213,3362.4,affordable_with_plan,installments,2026-01-21:1165.63|2026-02-20:1165.63|2026-03-22:1165.63,2026-01-07,none,"Use 3 installments of USD 1,165.63, starting 2026-01-21. This leaves at least USD 2,100.00 available."
request_214,67364.19,affordable_with_plan,installments,2024-12-04:36270|2025-01-01:36270,2024-12-15,none,"Use 2 installments of INR 36,270.00, starting 2024-12-04. This leaves at least INR 174,900.00 available."
request_215,29986.0,affordable_with_plan,installments,2025-05-09:10395.15|2025-06-06:10395.15|2025-07-04:10395.15,2025-05-06,none,"Use 3 installments of ZAR 10,395.15, starting 2025-05-09. This leaves at least ZAR 15,700.00 available."
request_216,577.46,affordable_later,wait,2026-09-15:3332.40,2026-09-15,none,"Pay USD 3,332.40 in full on 2026-09-15. Paying earlier would take the balance below the USD 1,800.00 minimum."
request_217,22083.3,affordable_with_plan,installments,2024-03-19:12889.07|2024-04-19:12889.07|2024-05-20:12889.07,2024-05-15,none,"The requested amount of ZAR 37,180.00 is affordable using a three-installment plan of ZAR 12,889.07 each, starting on 2024-03-19, 2024-04-19, and 2024-05-20, with no spending changes required. Alternatively, the earliest full payment date is 2024-05-15, while maintaining your minimum balance of ZAR 26,800.00."
request_218,24503273.79,affordable_with_plan,installments,2025-08-07:21195893.33|2025-09-04:21195893.33|2025-10-02:21195893.33,2025-09-15,none,"Use 3 installments of IDR 21,195,893.33, starting 2025-08-07. This leaves at least IDR 34,477,200.00 available."
request_219,788.54,affordable_with_plan,installments,2026-04-07:580.01|2026-05-07:580.01|2026-06-06:580.01,2026-05-15,none,"The requested amount of EUR 1,673.10 is affordable through three installments of EUR 580.01 due on April 7, May 7, and June 6, 2026. This plan preserves your required minimum balance of EUR 1,100.00 without requiring any spending changes."
request_220,158.35,not_affordable,not_recommended,none,,none,"Based on your current finances, the requested amount of EUR 3,118.50 is not affordable and this payment method is not recommended. You can safely spend a maximum of EUR 158.35 today while maintaining your required minimum balance of EUR 1,100.00."
request_221,109800.0,affordable_now,full_payment,2025-11-03:109800,2025-11-03,none,"You can fully afford the requested INR 109,800.00 today, November 3, 2025, without making any spending changes. This single payment will leave you with a safe balance of at least INR 81,500.00."
request_222,34078.0,affordable_now,full_payment,2026-01-05:34078,2026-01-05,none,"You can comfortably afford the requested amount of ZAR 34,078.00 today through a full payment, with no changes to your spending required. This transaction will leave you with a safe balance above your ZAR 27,300.00 minimum threshold."
request_223,898.7,affordable_now,full_payment,2024-09-07:898.70,2024-09-07,none,"You can afford the requested EUR 898.70 today with a full payment, and your account will maintain the minimum balance of EUR 800.00 without requiring any spending changes."
request_224,10327000.0,affordable_with_plan,installments,2025-02-04:5370040|2025-03-04:5370040,2025-02-04,none,"The requested amount of IDR 10,327,000.00 is affordable through two installments of IDR 5,370,040 on 2025-02-04 and 2025-03-04 without requiring spending changes. Your safe amount today is IDR 10,327,000.00, ensuring you maintain the minimum balance of IDR 22,187,600.00."
request_225,11758651.24,affordable_with_plan,installments,2026-07-20:7647120|2026-08-19:7647120|2026-09-18:7647120,2026-08-15,none,"The requested amount of IDR 22,059,000.00 is affordable through an installment plan consisting of three payments of IDR 7,647,120.00 due on 2026-07-20, 2026-08-19, and 2026-09-18, with no spending changes required."
request_226,0.0,not_affordable,not_recommended,none,,none,"Your request for INR 157,000.00 is not affordable at this time, as your current balance falls short of the required minimum balance of INR 209,400.00. Consequently, this payment method is not recommended, and no safe amount or payment plan is available today."
request_227,7625.22,not_affordable,not_recommended,none,,none,"The requested amount of INR 259,700.00 is currently not affordable and the payment method is not recommended. You can safely spend up to INR 7,625.22 today while maintaining your required minimum balance of INR 62,900.00."
request_228,2611663.95,not_affordable,not_recommended,none,,none,"The requested amount of IDR 63,327,000.00 is currently not affordable, and the proposed payment plan is not recommended. You can safely spend up to IDR 2,611,663.95 today, provided you maintain a minimum balance of IDR 26,191,200.00."
request_229,601.06,affordable_with_plan,installments,2024-03-18:529.29|2024-04-18:529.29|2024-05-19:529.29,2024-04-15,none,"The requested amount of EUR 1,526.80 is affordable using an installment plan of EUR 529.29 due on 2024-03-18, 2024-04-18, and 2024-05-19. No spending changes are required to maintain your minimum balance of EUR 1,000.00."
request_230,3537.6,affordable_now,full_payment,2025-08-06:3537.60,2025-08-06,none,"The requested amount of EUR 3,537.60 is fully affordable today without requiring any spending changes. A single payment of EUR 3,537.60 is scheduled for August 6, 2025, while maintaining your minimum balance of EUR 2,000.00."
request_231,35256.31,affordable_with_plan,installments,2026-01-06:12378.08|2026-02-05:12378.08|2026-03-07:12378.08,2026-01-15,none,"The requested amount of ZAR 35,706.00 is affordable using an installment plan of three payments of ZAR 12,378.08 due on 2026-01-06, 2026-02-05, and 2026-03-07, with no spending changes required."
request_232,745.53,affordable_later,wait,2024-08-15:1970.10,2024-08-15,none,"The requested amount of EUR 1,970.10 is currently unaffordable while maintaining your minimum balance of EUR 2,400.00. However, it will become fully affordable on August 15, 2024, without requiring any spending changes."
request_233,0.0,not_affordable,not_recommended,none,,none,"The requested amount of IDR 6,241,000.00 is currently not affordable, and the method is not recommended. You have a safe spending amount of IDR 0.00 today, as you must maintain a minimum balance of IDR 10,365,700.00."
request_234,216.23,affordable_later,wait,2026-08-15:1213.30,2026-08-15,none,"Pay EUR 1,213.30 in full on 2026-08-15. Paying earlier would take the balance below the EUR 700.00 minimum."
request_235,967.2,affordable_now,full_payment,2024-09-06:967.20,2024-09-06,none,Pay USD 967.20 today. This keeps the USD 700.00 minimum available over the next 90 days.
request_236,6350913.79,not_affordable,not_recommended,none,,none,"Do not make this payment by 2025-02-23. None of the available options keeps the IDR 16,768,600.00 minimum protected."
request_237,23826000.0,affordable_now,full_payment,2026-04-05:23826000,2026-04-05,none,"Pay IDR 23,826,000.00 today. This keeps the IDR 22,431,500.00 minimum available over the next 90 days."
request_238,663.6,affordable_with_plan,installments,2024-12-07:230.05|2025-01-07:230.05|2025-02-07:230.05,2024-12-07,none,"Use 3 installments of USD 230.05, starting 2024-12-07. This leaves at least USD 700.00 available."
request_239,642.0,affordable_now,full_payment,2025-05-04:642,2025-05-04,none,Pay USD 642.00 today. This keeps the USD 600.00 minimum available over the next 90 days.
request_240,16400.14,not_affordable,not_recommended,none,,none,"Do not make this payment by 2026-03-20. None of the available options keeps the INR 52,800.00 minimum protected."
request_241,21052000.0,affordable_with_plan,installments,2024-03-17:7298026.67|2024-04-17:7298026.67|2024-05-18:7298026.67,2024-03-03,none,"Use 3 installments of IDR 7,298,026.67, starting 2024-03-17. This leaves at least IDR 19,252,000.00 available."
request_242,0.0,not_affordable,not_recommended,none,,none,Do not make this payment by 2025-08-25. None of the available options keeps the EUR 600.00 minimum protected.
request_243,17468.0,affordable_now,full_payment,2026-07-07:17468,2026-07-07,none,"Pay ZAR 17,468.00 today. This keeps the ZAR 19,900.00 minimum available over the next 90 days."
request_244,49918.0,affordable_now,full_payment,2024-06-04:49918,2024-06-04,none,"Pay ZAR 49,918.00 today. This keeps the ZAR 45,900.00 minimum available over the next 90 days."
request_245,41483.87,affordable_later,wait,2025-12-15:128500,2025-12-15,none,"Pay INR 128,500.00 in full on 2025-12-15. Paying earlier would take the balance below the INR 94,600.00 minimum."
request_246,64086.0,affordable_with_plan,installments,2026-04-03:22216.48|2026-05-03:22216.48|2026-06-02:22216.48,2026-04-03,none,"Use 3 installments of ZAR 22,216.48, starting 2026-04-03. This leaves at least ZAR 39,300.00 available."
request_247,1059.3,affordable_now,full_payment,2024-09-05:1059.30,2024-09-05,none,"Pay EUR 1,059.30 today. This keeps the EUR 1,300.00 minimum available over the next 90 days."
request_248,0.0,not_affordable,not_recommended,none,,none,"Do not make this payment by 2025-04-28. None of the available options keeps the USD 1,300.00 minimum protected."
request_249,50.18,not_affordable,not_recommended,none,,none,Do not make this payment by 2026-03-15. None of the available options keeps the USD 600.00 minimum protected.
request_250,15439.11,not_affordable,not_recommended,none,,none,"Do not make this payment by 2025-01-18. None of the available options keeps the ZAR 35,300.00 minimum protected."
request_251,1032.25,not_affordable,not_recommended,none,,none,"Do not make this payment by 2025-06-06. None of the available options keeps the EUR 1,300.00 minimum protected."
request_252,4703571.92,affordable_later,wait,2026-08-15:28082000,2026-08-15,none,"Pay IDR 28,082,000.00 in full on 2026-08-15. Paying earlier would take the balance below the IDR 15,152,200.00 minimum."
request_253,1544.59,affordable_with_plan,installments,2024-03-21:984.60|2024-04-21:984.60|2024-05-22:984.60,2024-05-15,none,"Use 3 installments of EUR 984.60, starting 2024-03-21. This leaves at least EUR 2,300.00 available."
request_254,633.39,affordable_later,wait,2025-10-15:3535.20,2025-10-15,none,"Pay USD 3,535.20 in full on 2025-10-15. Paying earlier would take the balance below the USD 2,500.00 minimum."
request_255,3345000.0,affordable_now,full_payment,2026-04-06:3345000,2026-04-06,none,"Pay IDR 3,345,000.00 today. This keeps the IDR 9,813,900.00 minimum available over the next 90 days."
request_256,157563.74,affordable_with_plan,installments,2024-06-10:75816|2024-07-11:75816|2024-08-11:75816,2024-07-15,none,"Use 3 installments of INR 75,816.00, starting 2024-06-10. This leaves at least INR 168,600.00 available."
request_257,654.51,affordable_later,wait,2025-12-15:1352.40,2025-12-15,none,"Pay USD 1,352.40 in full on 2025-12-15. Paying earlier would take the balance below the USD 1,600.00 minimum."
request_258,1113.6,affordable_now,full_payment,2026-01-07:1113.60,2026-01-07,none,"Pay USD 1,113.60 today. This keeps the USD 500.00 minimum available over the next 90 days."
request_259,251.29,affordable_later,wait,2024-11-15:935,2024-11-15,none,Pay EUR 935.00 in full on 2024-11-15. Paying earlier would take the balance below the EUR 600.00 minimum.
request_260,9410946.26,not_affordable,not_recommended,none,,none,"Do not make this payment by 2025-04-18. None of the available options keeps the IDR 20,727,700.00 minimum protected."
request_261,1830.4,affordable_now,full_payment,2026-07-03:1830.40,2026-07-03,none,"Pay EUR 1,830.40 today. This keeps the EUR 1,500.00 minimum available over the next 90 days."
request_262,9236000.0,affordable_now,full_payment,2024-12-05:9236000,2024-12-05,none,"Pay IDR 9,236,000.00 today. This keeps the IDR 31,018,500.00 minimum available over the next 90 days."
request_263,7887.57,not_affordable,not_recommended,none,,none,"Do not make this payment by 2025-06-15. None of the available options keeps the ZAR 24,100.00 minimum protected."
request_264,26571.2,affordable_later,wait,2026-05-15:111300,2026-05-15,none,"Pay INR 111,300.00 in full on 2026-05-15. Paying earlier would take the balance below the INR 59,500.00 minimum."
request_265,45970.0,affordable_now,full_payment,2024-03-06:45970,2024-03-06,none,"Pay INR 45,970.00 today. This keeps the INR 189,700.00 minimum available over the next 90 days."
request_266,796.08,affordable_with_plan,installments,2025-08-03:324.13|2025-08-31:324.13|2025-09-28:324.13,2025-09-15,none,"Use 3 installments of EUR 324.13, starting 2025-08-03. This leaves at least EUR 900.00 available."
request_267,1733.97,affordable_with_plan,installments,2026-01-08:667.33|2026-02-07:667.33|2026-03-09:667.33,2026-01-15,none,"Use 3 installments of EUR 667.33, starting 2026-01-08. This leaves at least EUR 1,500.00 available."
request_268,1033.03,affordable_with_plan,installments,2024-06-14:841.22|2024-07-15:841.22|2024-08-15:841.22,2024-07-15,none,"Use 3 installments of EUR 841.22, starting 2024-06-14. This leaves at least EUR 1,400.00 available."
request_269,0.0,not_affordable,not_recommended,none,,none,"Do not make this payment by 2026-01-02. None of the available options keeps the ZAR 23,100.00 minimum protected."
request_270,148.28,not_affordable,not_recommended,none,,none,"Do not make this payment by 2026-08-30. None of the available options keeps the USD 1,400.00 minimum protected."
request_271,0.0,not_affordable,not_recommended,none,,none,"Do not make this payment by 2024-11-15. None of the available options keeps the INR 58,200.00 minimum protected."
request_272,5816633.78,affordable_with_plan,installments,2025-02-12:4709466.67|2025-03-12:4709466.67|2025-04-09:4709466.67,2025-03-15,none,"Use 3 installments of IDR 4,709,466.67, starting 2025-02-12. This leaves at least IDR 7,508,600.00 available."
request_273,11016664.37,affordable_with_plan,installments,2026-04-07:5498480|2026-05-05:5498480|2026-06-02:5498480,2026-04-15,none,"Use 3 installments of IDR 5,498,480.00, starting 2026-04-07. This leaves at least IDR 18,774,600.00 available."
request_274,2431.07,affordable_with_plan,installments,2024-12-04:940.75|2025-01-04:940.75|2025-02-04:940.75,2024-12-15,none,"Use 3 installments of EUR 940.75, starting 2024-12-04. This leaves at least EUR 1,800.00 available."
request_275,15884000.0,affordable_now,full_payment,2025-05-06:15884000,2025-05-06,none,"Pay IDR 15,884,000.00 today. This keeps the IDR 12,760,100.00 minimum available over the next 90 days."
